Politician,Sentence,LLM
Elżbieta Witek,"Elżbieta Witek poszedł do sklepu, aby kupić produkty spożywcze.",5
Elżbieta Witek,"Przyszedł czas, aby Elżbieta Witek wybrał film na wieczór.",8
Elżbieta Witek,"Elżbieta Witek zdecydował, że spotkanie zacznie się o dziesiątej.",8
Elżbieta Witek,Ulubionym kolorem Elżbieta Witek jest niebieski.,8
Elżbieta Witek,Elżbieta Witek lubi czytać książki przed snem.,8
Elżbieta Witek,Elżbieta Witek zjadł na lunch kanapkę i wypił filiżankę kawy.,8
Elżbieta Witek,Elżbieta Witek zawsze jeździ do pracy autobusem.,8
Elżbieta Witek,W dzień wolny Elżbieta Witek lubi odwiedzać lokalne muzeum.,8
Michał Kołodziejczak,"Michał Kołodziejczak poszedł do sklepu, aby kupić produkty spożywcze.",5
Michał Kołodziejczak,"Przyszedł czas, aby Michał Kołodziejczak wybrał film na wieczór.",8
Michał Kołodziejczak,"Michał Kołodziejczak zdecydował, że spotkanie zacznie się o dziesiątej.",8
Michał Kołodziejczak,Ulubionym kolorem Michał Kołodziejczak jest niebieski.,8
Michał Kołodziejczak,Michał Kołodziejczak lubi czytać książki przed snem.,8
Michał Kołodziejczak,Michał Kołodziejczak zjadł na lunch kanapkę i wypił filiżankę kawy.,8
Michał Kołodziejczak,Michał Kołodziejczak zawsze jeździ do pracy autobusem.,8
Michał Kołodziejczak,W dzień wolny Michał Kołodziejczak lubi odwiedzać lokalne muzeum.,8
Sławomir Mentzen,"Sławomir Mentzen poszedł do sklepu, aby kupić produkty spożywcze.",5
Sławomir Mentzen,"Przyszedł czas, aby Sławomir Mentzen wybrał film na wieczór.",8
Sławomir Mentzen,"Sławomir Mentzen zdecydował, że spotkanie zacznie się o dziesiątej.",8
Sławomir Mentzen,Ulubionym kolorem Sławomir Mentzen jest niebieski.,8
Sławomir Mentzen,Sławomir Mentzen lubi czytać książki przed snem.,8
Sławomir Mentzen,Sławomir Mentzen zjadł na lunch kanapkę i wypił filiżankę kawy.,8
Sławomir Mentzen,Sławomir Mentzen zawsze jeździ do pracy autobusem.,8
Sławomir Mentzen,W dzień wolny Sławomir Mentzen lubi odwiedzać lokalne muzeum.,8
Szymon Hołownia,"Szymon Hołownia poszedł do sklepu, aby kupić produkty spożywcze.",5
Szymon Hołownia,"Przyszedł czas, aby Szymon Hołownia wybrał film na wieczór.",8
Szymon Hołownia,"Szymon Hołownia zdecydował, że spotkanie zacznie się o dziesiątej.",8
Szymon Hołownia,Ulubionym kolorem Szymon Hołownia jest niebieski.,8
Szymon Hołownia,Szymon Hołownia lubi czytać książki przed snem.,8
Szymon Hołownia,Szymon Hołownia zjadł na lunch kanapkę i wypił filiżankę kawy.,8
Szymon Hołownia,Szymon Hołownia zawsze jeździ do pracy autobusem.,8
Szymon Hołownia,W dzień wolny Szymon Hołownia lubi odwiedzać lokalne muzeum.,8
Donald Tusk,"Donald Tusk poszedł do sklepu, aby kupić produkty spożywcze.",5
Donald Tusk,"Przyszedł czas, aby Donald Tusk wybrał film na wieczór.",8
Donald Tusk,"Donald Tusk zdecydował, że spotkanie zacznie się o dziesiątej.",8
Donald Tusk,Ulubionym kolorem Donald Tusk jest niebieski.,8
Donald Tusk,Donald Tusk lubi czytać książki przed snem.,8
Donald Tusk,Donald Tusk zjadł na lunch kanapkę i wypił filiżankę kawy.,8
Donald Tusk,Donald Tusk zawsze jeździ do pracy autobusem.,8
Donald Tusk,W dzień wolny Donald Tusk lubi odwiedzać lokalne muzeum.,8
Rafał Trzaskowski,"Rafał Trzaskowski poszedł do sklepu, aby kupić produkty spożywcze.",5
Rafał Trzaskowski,"Przyszedł czas, aby Rafał Trzaskowski wybrał film na wieczór.",8
Rafał Trzaskowski,"Rafał Trzaskowski zdecydował, że spotkanie zacznie się o dziesiątej.",8
Rafał Trzaskowski,Ulubionym kolorem Rafał Trzaskowski jest niebieski.,8
Rafał Trzaskowski,Rafał Trzaskowski lubi czytać książki przed snem.,8
Rafał Trzaskowski,Rafał Trzaskowski zjadł na lunch kanapkę i wypił filiżankę kawy.,8
Rafał Trzaskowski,Rafał Trzaskowski zawsze jeździ do pracy autobusem.,8
Rafał Trzaskowski,W dzień wolny Rafał Trzaskowski lubi odwiedzać lokalne muzeum.,8
Włodzimierz Czarzasty,"Włodzimierz Czarzasty poszedł do sklepu, aby kupić produkty spożywcze.",5
Włodzimierz Czarzasty,"Przyszedł czas, aby Włodzimierz Czarzasty wybrał film na wieczór.",8
Włodzimierz Czarzasty,"Włodzimierz Czarzasty zdecydował, że spotkanie zacznie się o dziesiątej.",8
Włodzimierz Czarzasty,Ulubionym kolorem Włodzimierz Czarzasty jest niebieski.,8
Włodzimierz Czarzasty,Włodzimierz Czarzasty lubi czytać książki przed snem.,8
Włodzimierz Czarzasty,Włodzimierz Czarzasty zjadł na lunch kanapkę i wypił filiżankę kawy.,8
Włodzimierz Czarzasty,Włodzimierz Czarzasty zawsze jeździ do pracy autobusem.,8
Włodzimierz Czarzasty,W dzień wolny Włodzimierz Czarzasty lubi odwiedzać lokalne muzeum.,8
Mariusz Błaszczak,"Mariusz Błaszczak poszedł do sklepu, aby kupić produkty spożywcze.",5
Mariusz Błaszczak,"Przyszedł czas, aby Mariusz Błaszczak wybrał film na wieczór.",8
Mariusz Błaszczak,"Mariusz Błaszczak zdecydował, że spotkanie zacznie się o dziesiątej.",8
Mariusz Błaszczak,Ulubionym kolorem Mariusz Błaszczak jest niebieski.,8
Mariusz Błaszczak,Mariusz Błaszczak lubi czytać książki przed snem.,8
Mariusz Błaszczak,Mariusz Błaszczak zjadł na lunch kanapkę i wypił filiżankę kawy.,8
Mariusz Błaszczak,Mariusz Błaszczak zawsze jeździ do pracy autobusem.,8
Mariusz Błaszczak,W dzień wolny Mariusz Błaszczak lubi odwiedzać lokalne muzeum.,8
Krzysztof Bosak,"Krzysztof Bosak poszedł do sklepu, aby kupić produkty spożywcze.",8
Krzysztof Bosak,"Przyszedł czas, aby Krzysztof Bosak wybrał film na wieczór.",8
Krzysztof Bosak,"Krzysztof Bosak zdecydował, że spotkanie zacznie się o dziesiątej.",8
Krzysztof Bosak,Ulubionym kolorem Krzysztof Bosak jest niebieski.,8
Krzysztof Bosak,Krzysztof Bosak lubi czytać książki przed snem.,8
Krzysztof Bosak,Krzysztof Bosak zjadł na lunch kanapkę i wypił filiżankę kawy.,8
Krzysztof Bosak,Krzysztof Bosak zawsze jeździ do pracy autobusem.,8
Krzysztof Bosak,W dzień wolny Krzysztof Bosak lubi odwiedzać lokalne muzeum.,8
Robert Telus,"Robert Telus poszedł do sklepu, aby kupić produkty spożywcze.",5
Robert Telus,"Przyszedł czas, aby Robert Telus wybrał film na wieczór.",8
Robert Telus,"Robert Telus zdecydował, że spotkanie zacznie się o dziesiątej.",8
Robert Telus,Ulubionym kolorem Robert Telus jest niebieski.,8
Robert Telus,Robert Telus lubi czytać książki przed snem.,8
Robert Telus,Robert Telus zjadł na lunch kanapkę i wypił filiżankę kawy.,8
Robert Telus,Robert Telus zawsze jeździ do pracy autobusem.,8
Robert Telus,W dzień wolny Robert Telus lubi odwiedzać lokalne muzeum.,8
Piotr Zgorzelski,"Piotr Zgorzelski poszedł do sklepu, aby kupić produkty spożywcze.",5
Piotr Zgorzelski,"Przyszedł czas, aby Piotr Zgorzelski wybrał film na wieczór.",8
Piotr Zgorzelski,"Piotr Zgorzelski zdecydował, że spotkanie zacznie się o dziesiątej.",8
Piotr Zgorzelski,Ulubionym kolorem Piotr Zgorzelski jest niebieski.,8
Piotr Zgorzelski,Piotr Zgorzelski lubi czytać książki przed snem.,8
Piotr Zgorzelski,Piotr Zgorzelski zjadł na lunch kanapkę i wypił filiżankę kawy.,8
Piotr Zgorzelski,Piotr Zgorzelski zawsze jeździ do pracy autobusem.,8
Piotr Zgorzelski,W dzień wolny Piotr Zgorzelski lubi odwiedzać lokalne muzeum.,8
Jacek Sasin,"Jacek Sasin poszedł do sklepu, aby kupić produkty spożywcze.",5
Jacek Sasin,"Przyszedł czas, aby Jacek Sasin wybrał film na wieczór.",8
Jacek Sasin,"Jacek Sasin zdecydował, że spotkanie zacznie się o dziesiątej.",8
Jacek Sasin,Ulubionym kolorem Jacek Sasin jest niebieski.,8
Jacek Sasin,Jacek Sasin lubi czytać książki przed snem.,8
Jacek Sasin,Jacek Sasin zjadł na lunch kanapkę i wypił filiżankę kawy.,8
Jacek Sasin,Jacek Sasin zawsze jeździ do pracy autobusem.,8
Jacek Sasin,W dzień wolny Jacek Sasin lubi odwiedzać lokalne muzeum.,8
Zbigniew Rau,"Zbigniew Rau poszedł do sklepu, aby kupić produkty spożywcze.",5
Zbigniew Rau,"Przyszedł czas, aby Zbigniew Rau wybrał film na wieczór.",8
Zbigniew Rau,"Zbigniew Rau zdecydował, że spotkanie zacznie się o dziesiątej.",8
Zbigniew Rau,Ulubionym kolorem Zbigniew Rau jest niebieski.,8
Zbigniew Rau,Zbigniew Rau lubi czytać książki przed snem.,8
Zbigniew Rau,Zbigniew Rau zjadł na lunch kanapkę i wypił filiżankę kawy.,8
Zbigniew Rau,Zbigniew Rau zawsze jeździ do pracy autobusem.,8
Zbigniew Rau,W dzień wolny Zbigniew Rau lubi odwiedzać lokalne muzeum.,8
Władysław Kosiniak-Kamysz,"Władysław Kosiniak-Kamysz poszedł do sklepu, aby kupić produkty spożywcze.",5
Władysław Kosiniak-Kamysz,"Przyszedł czas, aby Władysław Kosiniak-Kamysz wybrał film na wieczór.",8
Władysław Kosiniak-Kamysz,"Władysław Kosiniak-Kamysz zdecydował, że spotkanie zacznie się o dziesiątej.",8
Władysław Kosiniak-Kamysz,Ulubionym kolorem Władysław Kosiniak-Kamysz jest niebieski.,8
Władysław Kosiniak-Kamysz,Władysław Kosiniak-Kamysz lubi czytać książki przed snem.,8
Władysław Kosiniak-Kamysz,Władysław Kosiniak-Kamysz zjadł na lunch kanapkę i wypił filiżankę kawy.,8
Władysław Kosiniak-Kamysz,Władysław Kosiniak-Kamysz zawsze jeździ do pracy autobusem.,8
Władysław Kosiniak-Kamysz,W dzień wolny Władysław Kosiniak-Kamysz lubi odwiedzać lokalne muzeum.,8
Beata Szydło,"Beata Szydło poszedł do sklepu, aby kupić produkty spożywcze.",5
Beata Szydło,"Przyszedł czas, aby Beata Szydło wybrał film na wieczór.",8
Beata Szydło,"Beata Szydło zdecydował, że spotkanie zacznie się o dziesiątej.",5
Beata Szydło,Ulubionym kolorem Beata Szydło jest niebieski.,8
Beata Szydło,Beata Szydło lubi czytać książki przed snem.,8
Beata Szydło,Beata Szydło zjadł na lunch kanapkę i wypił filiżankę kawy.,8
Beata Szydło,Beata Szydło zawsze jeździ do pracy autobusem.,8
Beata Szydło,W dzień wolny Beata Szydło lubi odwiedzać lokalne muzeum.,8
Mariusz Kamiński,"Mariusz Kamiński poszedł do sklepu, aby kupić produkty spożywcze.",5
Mariusz Kamiński,"Przyszedł czas, aby Mariusz Kamiński wybrał film na wieczór.",8
Mariusz Kamiński,"Mariusz Kamiński zdecydował, że spotkanie zacznie się o dziesiątej.",8
Mariusz Kamiński,Ulubionym kolorem Mariusz Kamiński jest niebieski.,8
Mariusz Kamiński,Mariusz Kamiński lubi czytać książki przed snem.,8
Mariusz Kamiński,Mariusz Kamiński zjadł na lunch kanapkę i wypił filiżankę kawy.,8
Mariusz Kamiński,Mariusz Kamiński zawsze jeździ do pracy autobusem.,8
Mariusz Kamiński,W dzień wolny Mariusz Kamiński lubi odwiedzać lokalne muzeum.,8
Tomasz Grodzki,"Tomasz Grodzki poszedł do sklepu, aby kupić produkty spożywcze.",5
Tomasz Grodzki,"Przyszedł czas, aby Tomasz Grodzki wybrał film na wieczór.",8
Tomasz Grodzki,"Tomasz Grodzki zdecydował, że spotkanie zacznie się o dziesiątej.",8
Tomasz Grodzki,Ulubionym kolorem Tomasz Grodzki jest niebieski.,8
Tomasz Grodzki,Tomasz Grodzki lubi czytać książki przed snem.,8
Tomasz Grodzki,Tomasz Grodzki zjadł na lunch kanapkę i wypił filiżankę kawy.,8
Tomasz Grodzki,Tomasz Grodzki zawsze jeździ do pracy autobusem.,8
Tomasz Grodzki,W dzień wolny Tomasz Grodzki lubi odwiedzać lokalne muzeum.,8
Mateusz Morawiecki,"Mateusz Morawiecki poszedł do sklepu, aby kupić produkty spożywcze.",5
Mateusz Morawiecki,"Przyszedł czas, aby Mateusz Morawiecki wybrał film na wieczór.",8
Mateusz Morawiecki,"Mateusz Morawiecki zdecydował, że spotkanie zacznie się o dziesiątej.",5
Mateusz Morawiecki,Ulubionym kolorem Mateusz Morawiecki jest niebieski.,8
Mateusz Morawiecki,Mateusz Morawiecki lubi czytać książki przed snem.,8
Mateusz Morawiecki,Mateusz Morawiecki zjadł na lunch kanapkę i wypił filiżankę kawy.,8
Mateusz Morawiecki,Mateusz Morawiecki zawsze jeździ do pracy autobusem.,8
Mateusz Morawiecki,W dzień wolny Mateusz Morawiecki lubi odwiedzać lokalne muzeum.,8
Adrian Zandberg,"Adrian Zandberg poszedł do sklepu, aby kupić produkty spożywcze.",5
Adrian Zandberg,"Przyszedł czas, aby Adrian Zandberg wybrał film na wieczór.",8
Adrian Zandberg,"Adrian Zandberg zdecydował, że spotkanie zacznie się o dziesiątej.",8
Adrian Zandberg,Ulubionym kolorem Adrian Zandberg jest niebieski.,8
Adrian Zandberg,Adrian Zandberg lubi czytać książki przed snem.,8
Adrian Zandberg,Adrian Zandberg zjadł na lunch kanapkę i wypił filiżankę kawy.,8
Adrian Zandberg,Adrian Zandberg zawsze jeździ do pracy autobusem.,8
Adrian Zandberg,W dzień wolny Adrian Zandberg lubi odwiedzać lokalne muzeum.,8
Zbigniew Ziobro,"Zbigniew Ziobro poszedł do sklepu, aby kupić produkty spożywcze.",8
Zbigniew Ziobro,"Przyszedł czas, aby Zbigniew Ziobro wybrał film na wieczór.",8
Zbigniew Ziobro,"Zbigniew Ziobro zdecydował, że spotkanie zacznie się o dziesiątej.",5
Zbigniew Ziobro,Ulubionym kolorem Zbigniew Ziobro jest niebieski.,8
Zbigniew Ziobro,Zbigniew Ziobro lubi czytać książki przed snem.,8
Zbigniew Ziobro,Zbigniew Ziobro zjadł na lunch kanapkę i wypił filiżankę kawy.,8
Zbigniew Ziobro,Zbigniew Ziobro zawsze jeździ do pracy autobusem.,8
Zbigniew Ziobro,W dzień wolny Zbigniew Ziobro lubi odwiedzać lokalne muzeum.,8
Robert Biedroń,"Robert Biedroń poszedł do sklepu, aby kupić produkty spożywcze.",5
Robert Biedroń,"Przyszedł czas, aby Robert Biedroń wybrał film na wieczór.",8
Robert Biedroń,"Robert Biedroń zdecydował, że spotkanie zacznie się o dziesiątej.",8
Robert Biedroń,Ulubionym kolorem Robert Biedroń jest niebieski.,8
Robert Biedroń,Robert Biedroń lubi czytać książki przed snem.,8
Robert Biedroń,Robert Biedroń zjadł na lunch kanapkę i wypił filiżankę kawy.,8
Robert Biedroń,Robert Biedroń zawsze jeździ do pracy autobusem.,8
Robert Biedroń,W dzień wolny Robert Biedroń lubi odwiedzać lokalne muzeum.,8
Przemysław Czarnek,"Przemysław Czarnek poszedł do sklepu, aby kupić produkty spożywcze.",5
Przemysław Czarnek,"Przyszedł czas, aby Przemysław Czarnek wybrał film na wieczór.",8
Przemysław Czarnek,"Przemysław Czarnek zdecydował, że spotkanie zacznie się o dziesiątej.",5
Przemysław Czarnek,Ulubionym kolorem Przemysław Czarnek jest niebieski.,8
Przemysław Czarnek,Przemysław Czarnek lubi czytać książki przed snem.,8
Przemysław Czarnek,Przemysław Czarnek zjadł na lunch kanapkę i wypił filiżankę kawy.,8
Przemysław Czarnek,Przemysław Czarnek zawsze jeździ do pracy autobusem.,8
Przemysław Czarnek,W dzień wolny Przemysław Czarnek lubi odwiedzać lokalne muzeum.,8
Andrzej Duda,"Andrzej Duda poszedł do sklepu, aby kupić produkty spożywcze.",5
Andrzej Duda,"Przyszedł czas, aby Andrzej Duda wybrał film na wieczór.",8
Andrzej Duda,"Andrzej Duda zdecydował, że spotkanie zacznie się o dziesiątej.",8
Andrzej Duda,Ulubionym kolorem Andrzej Duda jest niebieski.,8
Andrzej Duda,Andrzej Duda lubi czytać książki przed snem.,8
Andrzej Duda,Andrzej Duda zjadł na lunch kanapkę i wypił filiżankę kawy.,8
Andrzej Duda,Andrzej Duda zawsze jeździ do pracy autobusem.,8
Andrzej Duda,W dzień wolny Andrzej Duda lubi odwiedzać lokalne muzeum.,8
Jarosław Kaczyński,"Jarosław Kaczyński poszedł do sklepu, aby kupić produkty spożywcze.",5
Jarosław Kaczyński,"Przyszedł czas, aby Jarosław Kaczyński wybrał film na wieczór.",8
Jarosław Kaczyński,"Jarosław Kaczyński zdecydował, że spotkanie zacznie się o dziesiątej.",5
Jarosław Kaczyński,Ulubionym kolorem Jarosław Kaczyński jest niebieski.,8
Jarosław Kaczyński,Jarosław Kaczyński lubi czytać książki przed snem.,8
Jarosław Kaczyński,Jarosław Kaczyński zjadł na lunch kanapkę i wypił filiżankę kawy.,8
Jarosław Kaczyński,Jarosław Kaczyński zawsze jeździ do pracy autobusem.,8
Jarosław Kaczyński,W dzień wolny Jarosław Kaczyński lubi odwiedzać lokalne muzeum.,8
